,price,difficulty,utxo,wallet,total_transaction,block_size,total_btc,hash_rate,MVRV,median_confirmation_time,mempool_size
0,10919.65,19314656404097.0,67992257.0,53897442.0,570255219.0,300603.93786999997,18495518.75,139219832.7594406,5.744969495296415,13.366666666666667,30291424.5
1,10430.46,19314656404097.0,68084170.75,53913857.25,570552657.0,300778.75961999997,18496065.625,123857644.31701957,5.301173045782022,17.266666666666666,25948265.1
2,10532.22,19314656404097.0,68220112.5,53962056.0,570865205.0,300944.877485,18496831.25,136339422.42648664,7.131686510166979,21.475,33962799.375
3,10234.48,19314656404097.0,68328375.25,53995775.75,571215214.0,301127.45805,18497596.875,131538738.5382301,7.214487949604447,15.641666666666667,31846668.375
4,10732.43,19314656404097.0,68346302.4,54030148.25,571532636.0,301300.10406599997,18498471.875,162263115.42307216,7.477981463273528,14.483333333333333,25190828.25
5,10692.84,19314656404097.0,68234058.0,54066613.25,571884361.0,301527.83322800003,18499475.0,144020516.64769718,7.008476529598471,13.295833333333334,16459946.25
6,10732.4,19314656404097.0,68132168.75,54098124.5,572161256.0,301724.47172,18500468.75,145940790.2029998,8.440698768542688,12.558333333333335,2620469.5
7,10774.24,19314656404097.0,68150049.25,54139761.25,572421210.0,301878.958797,18501465.0,123857644.31701957,8.277402463188515,15.15,10330054.9
8,10692.33,19314656404097.0,68278717.5,54171028.25,572717092.0,302039.49385,18502343.75,135379285.64883536,7.4097654723663595,18.1,17006994.375
9,10840.8,19314656404097.0,68364545.0,54216424.5,573063493.0,302219.112615,18503115.625,149781337.3136051,7.811446748782146,18.383333333333333,16905739.25
10,10777.92,19314656404097.0,68450810.66666667,54258521.25,573414811.0,302425.675536,18504100.0,119056960.42876299,8.97897302154651,20.141666666666666,27983820.875
11,10619.24,19314656404097.0,68561683.5,54308382.75,573719849.0,302587.001907,18504975.0,130578601.76057878,7.2064689010948815,18.758333333333333,44341892.25
12,10575.06,19314656404097.0,68533415.0,54347286.75,574036153.0,302762.792556,18505740.625,144980653.42534852,7.567572413064346,18.15,29363790.3
13,10551.77,19300708897945.594,68351631.8,54377500.0,574346133.0,302962.665995,18506727.5,151592064.050859,9.438244656208596,14.7625,3244143.0
14,10673.46,19298087186263.0,68347726.5,54415860.0,574614906.0,303155.397375,18507715.625,134303836.4311328,10.42243064057558,15.375,13574525.0
15,10788.56,19298087186263.0,68385043.0,54454862.5,574909252.0,303323.242392,18508595.3125,124710705.25748046,7.465590586263683,19.225,15922959.0
16,10603.74,19298087186263.0,68520522.6,54502072.0,575227641.0,303492.339975,18509481.25,144856280.72215042,8.8683676089851,16.483333333333334,17120292.125
17,10670.8,19298087186263.0,68521225.0,54536134.25,575598463.0,303685.58364699996,18510359.375,155408725.01316798,8.49558126890947,16.141666666666666,8161571.375
18,10923.3,19298087186263.0,68586433.0,54575018.0,575927903.0,303883.713632,18511347.5,136222462.66586328,8.593917559181683,20.1125,16131226.2
19,11063.19,19298087186263.0,68610022.25,54623003.25,576267005.0,304070.20640300005,18512334.375,137181775.78322852,7.382674203570348,16.891666666666666,10819916.25
20,11302.67,19298087186263.0,68529059.75,54666724.75,576565333.0,304255.797541,18513214.0625,134303836.4311328,9.332575393535233,14.733333333333333,802340.375
21,11376.61,19298087186263.0,68551875.6,54722937.25,576822203.0,304405.353196,18514096.875,142937654.4874199,8.653161854277121,16.2,13920849.5
22,11540.04,19298087186263.0,68538304.25,54773472.0,577136548.0,304582.009327,18514971.875,159245977.48262888,8.05530713488493,16.025,12261468.375
23,11428.24,19298087186263.0,68575504.2,54838500.5,577469354.0,304790.528621,18515962.5,142937654.4874199,7.893176920856881,16.058333333333334,6584594.125
24,11431.32,19298087186263.0,68664716.25,54891148.25,577784733.0,304959.90279,18516950.0,144856280.72215042,7.215941971491539,17.216666666666665,6651739.4
25,11503.73,19298087186263.0,68733482.75,54947590.5,578125832.0,305150.364856,18517829.6875,148693533.1916113,7.45853021675162,16.933333333333334,6924701.0
26,11327.57,19529685517635.715,68720037.2,54991662.5,578449559.0,305338.81432,18518818.75,152419671.45957646,8.028611309239748,14.8,3032812.0
27,11366.51,19997335994446.0,68759434.66666667,55026741.0,578725039.0,305500.43680100003,18519809.375,119288755.698985,7.76519210171766,18.883333333333333,5367184.5
28,11508.2,19997335994446.0,68842941.25,55069227.75,578956984.0,305630.355788,18520684.375,124259120.51977606,6.830492130001663,20.425,10215402.625
29,11758.16,19997335994446.0,68923687.25,55110411.0,579259854.0,305789.82992,18521456.25,143146506.838782,4.840173306333115,20.558333333333334,12596935.125
30,11925.46,19997335994446.0,69041801.75,55153611.25,579591519.0,305966.477144,18522221.875,129229485.3405671,4.329577601328069,19.9,25664462.1
31,12831.56,19997335994446.0,69136648.66666667,55197582.5,579902150.0,306135.000548,18523103.125,136187996.08967456,4.6514180553937035,23.566666666666666,35757540.875
32,12990.25,19997335994446.0,69294035.75,55247728.25,580241547.0,306310.945851,18523987.5,130223558.30472532,5.856515386296464,23.85,44259351.5
33,12944.52,19997335994446.0,69259790.5,55298087.25,580564105.0,306479.06934499997,18524760.416666668,151099090.55204767,8.185456552275301,18.808333333333334,31509549.375
34,13128.46,19997335994446.0,69149112.75,55351324.5,580871863.0,306682.59684899997,18525643.75,116306536.8065104,10.406375352871095,21.341666666666665,18800174.0
35,13036.77,19997335994446.0,69114261.66666667,55394304.0,581113651.0,306843.144386,18526518.75,109348026.05740292,7.806878974468083,23.11666666666667,23557027.6
36,13076.37,19997335994446.0,69284131.66666667,55447235.5,581366349.0,306990.71018,18527175.0,98413223.45166264,7.78236746008373,25.25,55243743.625
37,13651.47,19997335994446.0,69486991.33333333,55506636.0,581618610.0,307119.388589,18527831.25,99407296.41582084,7.268835979163813,22.93333333333333,65822231.625
38,13289.0,19997335994446.0,69654808.33333333,55544815.5,581879482.0,307248.449053,18528487.5,107359880.12908652,7.1729011279159085,21.8375,64895158.125
39,13458.66,19997335994446.0,69808748.33333333,55593353.75,582155686.0,307388.316669,18529143.75,110342099.02156112,7.301191267017218,14.266666666666667,65231037.375
40,13564.72,19997335994446.0,69954630.66666667,55633840.5,582424486.0,307532.187125,18529800.0,112330244.94987756,10.420360498106321,17.016666666666666,68769413.75
41,13810.32,19997335994446.0,69996258.75,55676453.5,582699549.0,307676.67763,18530456.25,124259120.51977606,11.30810895543813,16.166666666666668,52174694.8
42,13758.88,19997335994446.0,70022296.5,55714726.0,582975972.0,307832.500894,18531223.4375,94436931.5950298,7.597472590464869,13.508333333333333,70376544.125
43,13575.17,17865273539019.508,70142301.75,55752309.0,583201079.0,307958.584066,18531993.75,124332259.0484446,6.231078954537939,16.96666666666667,68357425.625
44,14023.31,16787779609933.0,70106868.0,55791510.25,583532417.0,308138.034269,18532759.375,132689483.09191829,7.496430687067236,11.833333333333336,60530531.5
45,14155.59,16787779609933.0,70008907.75,55843721.0,583853714.0,308351.568205,18533634.375,122675182.48120748,7.511065132378779,10.35,66670405.0
46,15591.39,16787779609933.0,70067639.25,55959204.5,584172804.0,308540.024361,18534525.0,127682332.78656287,5.966281823460494,14.808333333333335,75525011.75
47,15595.77,16787779609933.0,69975394.0,56073958.0,584511895.0,308734.671918,18535527.5,121840657.43031491,7.610893034504334,9.658333333333333,62525750.3
48,14839.84,16787779609933.0,69753915.25,56293712.75,584782652.0,308933.23473699996,18536515.625,115164457.02317438,12.269520124437257,10.433333333333334,38247436.375
49,15490.6,16787779609933.0,69461894.0,56551381.5,585026483.0,309122.444141,18537393.75,154387134.41512507,10.024019980820592,8.15,15164085.5
50,15328.53,16787779609933.0,69338537.75,56804450.75,585352179.0,309376.123793,18538392.5,122675182.48120748,8.486629762605364,10.1,6626961.625
51,15317.04,16787779609933.0,69355542.0,57018049.75,585654863.0,309556.282154,18539378.125,122675182.48120748,9.019451618452482,11.066666666666665,5907537.125
52,15708.65,16787779609933.0,69374721.0,57244430.75,585977687.0,309746.890838,18540253.125,133524008.14281088,8.576740763354852,10.2125,6325312.25
53,16295.57,16787779609933.0,69330788.5,57421437.5,586302545.0,309946.50411599997,18541242.5,115998982.07406694,10.884186491844606,11.133333333333333,6423979.1
54,16339.33,16787779609933.0,69321836.25,57661019.5,586602857.0,310123.98086999997,18542229.6875,118502557.22674464,10.566095107864701,10.829166666666666,3950385.375
55,16091.07,16787779609933.0,69249807.4,57872621.5,586876471.0,310307.264344,18543117.1875,125178757.6338852,11.270394697716615,8.866666666666667,8445990.5
56,15968.16,17040598812944.875,69074984.4,58106872.75,587129507.0,310487.954635,18543996.875,135534841.86269382,7.929223969180384,9.941666666666666,8735108.375
57,16725.15,17596801059571.0,69052746.5,58275513.0,587441468.0,310681.52490300004,18544981.25,137334450.8705656,5.591076622418318,13.641666666666667,8137195.625
58,17679.72,17596801059571.0,69073214.0,58405013.5,587788639.0,310882.84935,18545965.625,147831351.5740483,5.9946224984470575,10.7,7084644.8
59,17798.45,17596801059571.0,69120112.25,58572303.0,588151224.0,311096.13685,18546952.5,119839616.36476108,7.488074242013449,14.0,18050069.75
60,17820.57,17596801059571.0,69052828.25,58714261.0,588462172.0,311278.347427,18547946.875,146956609.8487581,8.163182733390812,10.170833333333334,7942197.5
61,18687.45,17596801059571.0,69019627.4,58915846.25,588809079.0,311494.07390300004,18548931.25,147831351.5740483,8.255610425676803,9.183333333333334,1078513.25
62,18699.75,17596801059571.0,69019600.8,59069873.25,589120273.0,311688.422394,18549915.625,152205060.20049945,9.005826737415278,7.916666666666668,436516.875
63,18422.28,17596801059571.0,68974933.0,59220505.25,589392628.0,311850.201751,18550906.25,128587033.61766332,9.21685882543382,11.066666666666665,8224747.5
64,18398.91,17596801059571.0,69072488.0,59381691.75,589690344.0,312030.926054,18552000.0,118964874.63947085,8.072663097627252,15.3875,28122335.8
65,19172.52,17596801059571.0,69233478.6,59557126.75,590022426.0,312203.75133400003,18552875.0,135584967.41998515,8.118688990479686,13.066666666666665,33362907.5
66,18739.8,17596801059571.0,69276840.25,59733809.0,590384379.0,312394.89733,18553750.0,131211258.793534,8.405904752278314,12.508333333333333,40007996.125
67,17151.44,17596801059571.0,69241095.0,59875200.0,590709538.0,312589.671749,18554739.0625,134710225.69469494,9.037520811913158,13.758333333333333,34814140.375
68,17138.87,17596801059571.0,69146798.6,60004243.25,591031841.0,312787.51199,18555731.25,134710225.69469494,11.997121615886446,13.120833333333335,15715575.25
69,17732.42,18158528379021.04,69067207.75,60115874.5,591325128.0,312990.878946,18556715.625,135399801.26976258,13.734263968710541,9.795833333333334,2397967.5
70,18191.6,19157154724710.0,69078971.33333333,60192500.75,591587779.0,313156.918048,18557600.0,107610727.917311,11.386458777325029,13.65,20449218.6
71,19709.73,19157154724710.0,69189313.5,60332048.75,591845265.0,313305.404672,18558368.75,144750713.6586838,8.099839103952352,14.941666666666665,35036202.125
72,18792.52,19157154724710.0,69384907.25,60420190.0,592224018.0,313499.631397,18559243.75,124752259.79794464,9.892628565874325,14.016666666666667,44353757.5
73,19226.97,19157154724710.0,69441498.4,60519471.5,592551402.0,313664.350458,18560125.0,149512250.29219317,12.206165845629533,14.316666666666665,40318646.375
74,19454.54,19157154724710.0,69464779.75,60597256.0,592897766.0,313869.83351799997,18561000.0,137132255.0450689,10.36708345825142,12.883333333333333,45006113.875
75,18670.49,19157154724710.0,69363786.5,60677708.75,593216125.0,314060.03779000003,18561984.375,137132255.0450689,10.686623363049245,13.745833333333335,31933370.125
76,19155.06,19157154724710.0,69274197.5,60767481.25,593499022.0,314253.516183,18562865.625,129513796.43145394,14.066688944687304,12.066666666666665,16627924.7
77,19377.66,19157154724710.0,69134338.25,60847715.0,593756893.0,314437.251332,18563740.625,142846099.00528008,13.011950418646915,12.295833333333334,9544680.375
78,19181.41,19157154724710.0,69200482.25,60932810.0,594058381.0,314617.294816,18564615.625,137132255.0450689,10.645343898968594,13.983333333333334,7482310.0
79,18318.87,19157154724710.0,69311819.0,61007675.0,594389579.0,314802.484291,18565500.0,132370718.41155957,10.614578389264638,12.766666666666667,12164589.0
80,18554.15,19157154724710.0,69457200.5,61139075.5,594710187.0,314979.851937,18566378.125,123799952.47124276,9.19643315355764,16.03333333333333,23619705.0
81,18247.76,19157154724710.0,69494282.5,61249248.5,595023871.0,315149.90137,18567259.375,131418411.08485769,10.817805978741916,16.045833333333334,21171698.0
82,18029.36,19157154724710.0,69542571.0,61358390.25,595329667.0,315332.852679,18568135.9375,125704567.12464651,13.201244818009375,16.4,17779641.375
83,18803.44,19144667899932.82,69479984.6,61473076.0,595625116.0,315503.90765300003,18569017.1875,148463110.1109586,11.911570028776598,10.75,750475.25
84,19164.48,18670168558400.0,69467421.0,61559329.25,595900576.0,315687.074335,18569900.0,134574371.39496115,10.109754582761116,13.616666666666667,8155909.625
85,19276.59,18670168558400.0,69526097.75,61668757.0,596214244.0,315856.850186,18570778.125,129933875.82961763,8.07527283495699,15.175,12106028.375
86,19439.75,18670168558400.0,69587340.5,61766580.75,596535607.0,316037.944035,18571654.6875,132718173.16882376,8.557265957818766,14.383333333333333,16933440.125
87,21379.48,18670168558400.0,69739221.75,61885526.0,596850993.0,316225.176574,18572534.375,119724785.58586197,7.558329153556396,13.716666666666667,62736284.4
88,22847.46,18670168558400.0,69873644.75,61995069.0,597160565.0,316392.913511,18573418.75,145711560.75178552,7.259718430669035,15.416666666666664,56922037.375
89,23150.79,18670168558400.0,69951370.2,62130476.5,597536312.0,316592.62741,18574296.875,146639659.8648542,9.128646050382752,14.104166666666668,38301265.25
90,23869.92,18670168558400.0,69790789.0,62225477.0,597879066.0,316792.5048,18575287.5,140142966.07337332,12.948352660907364,12.666666666666664,27359654.375
91,23490.58,18670168558400.0,69662745.25,62311065.0,598161238.0,316995.300096,18576271.875,126221479.37734284,13.289585262845565,12.983333333333334,35675616.375
92,22745.48,18670168558400.0,69675667.25,62431680.5,598431201.0,317178.399225,18577148.4375,132718173.16882376,9.334383249466647,16.058333333333334,38317120.625
93,23824.99,18670168558400.0,69739195.0,62528748.0,598754278.0,317364.353312,18578032.8125,142927263.41257942,9.616674269197308,12.6625,55169674.3
94,23253.37,18670168558400.0,69807849.5,62632944.25,599094619.0,317556.484993,18579018.75,116940488.24665588,8.481067769329277,14.958333333333332,61951087.25
95,23715.53,18670168558400.0,69806460.5,62731938.0,599363465.0,317716.457446,18579893.75,133646272.28189243,8.739888117362831,15.245833333333335,52310608.0
96,24693.58,18670168558400.0,69721307.25,62838693.25,599667152.0,317901.639685,18580659.375,127149578.49041158,9.601908293371572,12.883333333333333,40011497.0
97,26443.21,18670168558400.0,69647844.25,62942659.25,599940609.0,318091.265009,18581540.625,137358668.73416725,7.662857443171971,13.308333333333335,35552724.0
98,26246.58,18600034145237.133,69553306.4,63047323.0,600249266.0,318284.26104099996,18582525.0,147938033.99680892,10.10573901865392,11.891666666666667,46512284.5
99,27036.69,18599593048299.0,69591913.0,63180807.25,600559694.0,318491.948275,18583509.375,140537799.38571388,9.239236389373591,13.8,53277763.7
100,27376.37,18599593048299.0,69533398.8,63278398.25,600894553.0,318685.94124699995,18584390.625,159029615.0943604,11.295341821259392,11.8,46694616.625
101,28856.59,18599593048299.0,69602219.0,63387635.25,601234597.0,318902.037985,18585381.25,153482070.38176647,9.921464520150286,13.716666666666667,52063242.125
102,28982.56,18599593048299.0,69428436.5,63450773.25,601577750.0,319114.0485,18586481.25,137764027.0294169,10.085130032796597,10.816666666666665,30014843.5
103,29393.75,18599593048299.0,69271310.0,63526467.5,601835959.0,319315.580633,18587465.625,139613208.60028157,12.499543943784163,11.625,17558121.75
104,32195.46,18599593048299.0,69304613.6,63615587.0,602133929.0,319526.405445,18588351.5625,146085344.09830785,8.214239027580016,15.083333333333336,16994869.6
105,33000.78,18599593048299.0,69282141.4,63709359.75,602493027.0,319729.832857,18589337.5,159954205.87979275,8.801070675306034,12.883333333333333,20174854.25
106,32035.03,18599593048299.0,69359101.5,63821434.5,602865747.0,319957.982033,18590446.25,145160753.31287554,9.017630517953712,13.65,25513898.125
107,34046.67,18599593048299.0,69420303.4,63926943.75,603220075.0,320160.89067399997,18591434.375,163652569.02152207,8.917946546830667,11.775,30316258.625
108,36860.41,18599593048299.0,69559506.0,64019745.25,603618745.0,320390.01447600004,18592418.75,155331251.95263115,8.139540617101112,13.008333333333333,39048532.625
109,39486.04,18599593048299.0,69770222.25,64138319.25,604020433.0,320603.341523,18593517.5,136839436.24398455,7.03341663670179,15.570833333333333,64497488.5
110,40670.25,19365166707094.76,69915368.75,64231399.0,604378746.0,320794.958819,18594503.125,133808024.52210464,8.225436976814137,16.733333333333334,84885765.6
111,40240.72,20607418304386.0,69942596.5,64320812.5,604699941.0,320970.19152399997,18595381.25,162879650.9247733,9.78728290065111,13.4,82500211.375
112,38240.09,20607418304386.0,69955300.8,64406180.25,605031340.0,321174.048974,18596375.0,157757649.32336533,8.414255937177268,14.008333333333333,88800127.375
113,35544.94,20607418304386.0,70006096.75,64504424.25,605365473.0,321380.113784,18597359.375,151611247.40167582,7.469403865681286,18.333333333333336,83704049.625
114,34011.82,20607418304386.0,70033398.5,64578474.25,605701559.0,321576.04606799997,18598237.5,155708848.68280214,9.92954433162242,12.841666666666667,89064005.75
115,37393.13,20607418304386.0,70113389.2,64671585.75,606020714.0,321768.18095,18599225.0,150586847.08139417,10.194833616507063,16.083333333333332,85271287.625
116,39158.47,20607418304386.0,70215689.0,64749771.25,606359799.0,321958.92337800004,18600212.5,158782049.6436469,9.471737054039263,15.925,85649727.9
117,36828.52,20607418304386.0,70243954.0,64832920.0,606704771.0,322162.948202,18601096.875,150586847.08139417,11.189585312439823,15.716666666666667,77274067.375
118,36065.2,20607418304386.0,70254343.5,64906559.25,607012869.0,322356.7137,18601976.5625,136245242.59745187,11.273050351132705,15.9,89777894.25
119,35793.01,20607418304386.0,70154218.75,64977556.25,607284053.0,322532.98058800003,18602859.375,148538046.440831,12.040942681020123,17.1,77566415.375
120,36632.35,20607418304386.0,70198023.25,65077675.5,607597959.0,322727.57403200003,18603737.5,152635647.72195736,9.513502991631185,16.333333333333332,82060549.125
121,36020.13,20607418304386.0,70276168.0,65157360.25,607923111.0,322917.97720100003,18604726.25,144440445.1597046,8.594073826490916,11.783333333333333,81892052.0
122,35538.98,20607418304386.0,70434820.0,65272755.5,608238505.0,323098.295987,18605606.25,132147641.31632549,8.960217437319626,12.75,85762853.9
123,30797.88,20607418304386.0,70536622.25,65356341.75,608528316.0,323267.782096,18606371.875,145464845.4799862,8.122563787876912,12.458333333333332,94285425.125
124,33002.38,20737086011821.6,70633234.75,65439921.0,608856456.0,323449.834946,18607246.875,159781151.23197326,10.574860779360819,10.616666666666667,94340716.0
125,32099.74,20823531150112.0,70452386.0,65526930.0,609159533.0,323649.493637,18608231.25,143884925.38771522,12.1160935620609,10.25,64332508.0
126,32276.84,20823531150112.0,70377323.75,65612848.25,609414229.0,323831.394778,18609220.3125,144920068.73582825,9.409600315183432,10.195833333333333,75939073.875
127,32243.26,20823531150112.0,70343666.0,65698851.75,609724325.0,324024.699614,18610101.5625,166658079.04620248,9.34356827212573,9.85,68972686.8
128,32541.8,20823531150112.0,70427423.75,65763728.75,610060755.0,324243.586211,18610982.8125,146990355.43205437,9.821753948120191,10.5375,67600541.875
129,30419.17,20823531150112.0,70496723.0,65843436.25,610385526.0,324426.42536399997,18611859.375,150095785.47639358,9.045411209023158,11.458333333333336,68500292.75
130,33403.17,20823531150112.0,70667387.6,65930585.25,610710114.0,324617.270198,18612734.375,157341788.913185,8.06313157845313,11.15,82395251.0
131,34314.26,20823531150112.0,70793359.0,66025977.0,611051246.0,324816.810174,18613725.0,140779495.34337604,8.214272457560767,15.783333333333333,71647211.25
132,34318.1,20823531150112.0,70837057.75,66110121.5,611362218.0,324993.65927,18614709.375,149060642.12828052,9.304906608150501,12.020833333333336,69891459.375
133,33136.46,20823531150112.0,70908140.75,66185328.25,611653129.0,325182.480193,18615584.375,124217201.7735671,9.970317456670225,12.770833333333332,84512718.7
134,33522.9,20823531150112.0,71106440.5,66281081.75,611935068.0,325340.232112,18616352.083333332,157341788.913185,9.607381002679235,10.908333333333333,80180709.875
135,35529.66,20823531150112.0,71200074.75,66353600.5,612298330.0,325537.886238,18617121.875,155271502.21695888,9.781023179254674,11.641666666666666,78875329.625
136,37676.25,20823531150112.0,71407352.2,66432849.5,612644488.0,325733.22657,18618112.5,165622935.69808948,8.815160556968618,9.85,76314541.875
137,37002.09,20823531150112.0,71469719.2,66498926.25,613011786.0,325939.027519,18619096.875,174939225.83110696,8.697649061694868,10.15,75633057.625
138,38278.61,21384451039675.53,71527188.75,66575282.25,613372494.0,326159.49066799995,18620083.75,169021265.50315762,9.428921584598044,11.366666666666667,79499482.375
139,39323.26,21434395961349.0,71427675.0,66662306.0,613705044.0,326363.786006,18621191.25,166219498.0035569,8.74164782300243,8.75,75221236.2
140,38928.1,21434395961349.0,71331926.25,66751182.25,613991206.0,326581.12114299997,18622178.125,172612555.6190783,9.548156016663675,7.991666666666667,74818482.125
141,46364.3,21434395961349.0,71547588.5,66847589.0,614328326.0,326806.012404,18623166.25,152367873.16992718,6.012930417674027,10.85,80417587.0
142,46589.58,21434395961349.0,71790752.0,66943007.25,614687413.0,326988.781601,18624160.9375,152367873.16992718,6.851825622939929,11.716666666666667,74155448.875
143,44878.17,21434395961349.0,72062188.75,67059064.5,615029311.0,327173.361167,18625045.3125,137450738.7337105,7.836675063286708,10.4,82761681.625
144,48013.38,21434395961349.0,72298236.0,67143632.5,615332616.0,327337.27253099997,18625818.75,151302363.56734022,8.512288030722587,11.5,79693965.875
145,47471.4,21434395961349.0,72430344.2,67240909.25,615675745.0,327517.986707,18626598.4375,167285007.60614383,9.715460761077612,11.916666666666664,81284999.2
146,47185.19,21434395961349.0,72332952.5,67330085.75,616012831.0,327725.18977,18627593.75,158760930.78544855,11.869091681307662,10.25,82814663.5
147,48720.37,21434395961349.0,72308050.25,67421687.0,616311324.0,327922.427974,18628578.125,160891949.9906224,8.31437028642911,9.966666666666667,82905844.25
148,47951.85,21434395961349.0,72451246.0,67542081.75,616620556.0,328122.176804,18629456.25,128926661.9130153,8.398966988996639,11.35,84476698.875
149,49160.1,21434395961349.0,72618973.0,67633921.75,616915144.0,328279.07096599997,18630334.375,147040325.15699264,8.699743695996737,11.133333333333333,82757179.75
150,52118.23,21434395961349.0,72802258.75,67724704.0,617234210.0,328457.321409,18631209.375,145974815.55440575,8.122222093649558,11.483333333333333,81030248.2
151,51608.15,21455226865438.4,73019324.4,67816613.25,617551258.0,328636.151912,18632090.625,163181402.20420986,9.15801205177785,10.983333333333333,77274208.875
152,55916.5,21724134900047.0,73178255.5,67920677.25,617891682.0,328839.303891,18632971.875,157667240.0893604,7.620197727868163,9.5375,76029893.25
153,56001.2,21724134900047.0,73198262.5,68056759.5,618213360.0,329032.254856,18633846.875,152267677.07260144,9.554533842523979,8.575,79685718.125
154,57487.86,21724134900047.0,73240010.0,68123910.75,618485717.0,329236.086424,18634725.0,143628376.24578717,9.415871054945088,10.116666666666667,76336581.375
155,54123.4,21724134900047.0,73457993.33333333,68215025.25,618770919.0,329413.704812,18635603.125,137148900.62567648,8.559888725991174,12.466666666666667,74680582.5
156,48880.43,21724134900047.0,73635465.4,68319458.5,619057318.0,329578.417244,18636482.8125,171706103.93293357,8.481517057955827,11.633333333333333,73496433.3
157,50624.84,21724134900047.0,73685378.0,68421020.75,619414646.0,329786.70848800003,18637360.9375,168466366.12287825,8.91102749018732,8.408333333333333,81557880.25
158,46800.42,21724134900047.0,73874352.5,68497504.5,619741599.0,329989.843206,18638242.1875,150107851.8658979,8.026753772051945,12.066666666666665,80682610.125
159,46340.31,21724134900047.0,73961074.6,68571712.25,620047255.0,330169.429139,18639237.5,169546278.72623003,10.071799110396348,10.816666666666665,80617449.25
160,46155.87,21724134900047.0,73932819.33333333,68672637.5,620368643.0,330372.278421,18640221.875,141468551.03908366,10.626717003055944,12.058333333333335,81962281.75
161,45113.92,21724134900047.0,73949437.0,68746521.5,620623137.0,330551.10198800004,18641096.875,140388638.43573186,11.183598531477827,11.470833333333335,84733961.625
162,49618.43,21724134900047.0,74095081.0,68828282.0,620904141.0,330726.624019,18641862.5,154427502.27930507,9.54063076243006,11.75,81824796.5
163,48356.04,21724134900047.0,74169493.25,68889459.25,621240675.0,330913.419605,18642740.0,164146715.7094711,9.947184086049273,10.729166666666668,83558953.625
164,50477.7,21724134900047.0,74351332.25,68958183.5,621575376.0,331111.831806,18643734.375,138228813.22902828,11.030096750308859,12.575,80948705.0
165,48448.91,21724134900047.0,74498235.75,69012058.5,621865284.0,331276.103795,18644506.25,160906977.89941573,10.584770175446893,12.566666666666665,83319594.75
166,48861.38,21473685655440.387,74524378.8,69074540.0,622182529.0,331473.31368099997,18645381.25,162254330.9888254,11.19560799839519,10.366666666666667,83236336.125
167,48881.59,21448277761060.0,74372158.25,69127109.25,622470889.0,331678.922192,18646365.625,155665151.9066483,10.107483439306147,7.7333333333333325,91238714.75
168,51169.7,21448277761060.0,74207141.0,69192819.25,622730441.0,331878.969768,18647240.625,165260948.9419896,9.610352766909681,9.033333333333333,91163279.0
169,52299.33,21448277761060.0,74268548.25,69244316.5,623022802.0,332097.375819,18648225.0,149267953.88308737,9.482482586177447,10.25,91087774.5
170,54881.52,21448277761060.0,74415118.6,69286047.75,623323394.0,332281.057891,18649209.375,158863750.91842875,10.759025497615095,12.2,89806257.875
171,55997.23,21448277761060.0,74582519.0,69344079.75,623667545.0,332475.006879,18650084.375,140738356.51833954,10.716574303478577,11.191666666666665,85191251.125
172,57764.0,21448277761060.0,74736518.2,69394188.75,623960306.0,332644.403425,18650959.375,159929950.58902222,12.622975420844964,11.570833333333333,75733014.875
173,57253.28,21448277761060.0,74785604.25,69452534.5,624280788.0,332841.658419,18651834.375,152466552.89486787,15.76663612337234,13.65,78171151.6
174,61258.73,21448277761060.0,74758700.25,69506548.0,624557151.0,333042.766242,18652709.375,167393348.28317663,13.555823501354558,9.216666666666667,77370035.5
175,59133.47,21448277761060.0,74713049.5,69570048.0,624864230.0,333249.306592,18653584.375,157797551.24783528,14.830634996206634,10.033333333333333,79011091.25
176,55754.72,21448277761060.0,74835314.0,69629278.0,625157990.0,333450.257261,18654568.75,158863750.91842875,12.365241409592413,9.933333333333334,78317302.125
177,56872.38,21448277761060.0,75006406.25,69680163.75,625476909.0,333647.49091399997,18655553.125,145003155.20071352,13.59671032607912,10.65,81657400.625
178,58913.0,21448277761060.0,75271259.0,69749169.75,625772533.0,333823.259823,18656432.8125,162062349.9302092,13.309620485488876,11.695833333333333,78052387.0
179,57665.9,21524403218194.305,75432888.0,69812228.5,626104525.0,334015.053008,18657314.0625,158357615.36380938,13.94082824629551,12.466666666666665,78229905.4
180,58075.1,21865558044611.0,75490472.5,69877216.75,626419358.0,334210.720246,18658195.3125,167389189.04398918,15.980867993086349,9.758333333333333,76338549.0
181,58085.8,21865558044611.0,75269610.2,69935316.75,626706606.0,334416.459813,18659181.25,169563074.61598912,16.753049425883628,6.716666666666668,80135117.0
182,57411.17,21865558044611.0,75061241.25,69996084.75,626942107.0,334643.45025500003,18660167.1875,164128360.68598944,15.54344343873663,9.166666666666666,91113946.875
183,54204.96,21865558044611.0,75081936.0,70071800.33333333,627239875.0,334848.593397,18661046.875,174997788.54598877,12.087734912696364,8.666666666666666,87846808.75
184,54477.46,21865558044611.0,75041353.5,70127928.5,627555594.0,335066.392469,18662041.25,165215303.47198936,9.813274422645208,9.591666666666667,86681951.125
185,52508.23,21865558044611.0,75158168.25,70214413.75,627858640.0,335271.991469,18663028.125,167389189.04398918,11.733536706630499,9.9,95345164.5
186,51415.92,21865558044611.0,75322786.5,70264885.5,628178277.0,335474.719544,18664018.75,147824218.8959905,11.382536583671557,10.008333333333333,107691422.4
187,55074.47,21865558044611.0,75333909.2,70316418.5,628471132.0,335654.03952399996,18664900.0,172823902.97398886,14.013639543220018,9.116666666666667,105180275.75
188,55863.93,21865558044611.0,75138528.25,70363321.25,628759073.0,335860.427386,18665777.5,172823902.97398886,17.60957282688994,7.45,89019263.5
189,55783.71,21865558044611.0,74998558.0,70414881.75,629007327.0,336069.890997,18666765.625,164128360.68598944,14.93969355435603,9.433333333333334,84336448.25
190,57627.67,21865558044611.0,75157912.6,70467778.5,629311017.0,336263.28319499997,18667753.75,158693646.75598982,11.449070218010151,10.229166666666666,81613604.0
191,58730.13,21865558044611.0,75326409.5,70525882.75,629632447.0,336454.897283,18668746.875,170650017.40198898,14.109237132646118,10.55,85212030.875
192,58735.25,21865558044611.0,75436619.25,70610046.25,629964892.0,336666.2046,18669621.875,157606703.96998987,13.517761379942447,11.333333333333336,84173376.3
193,58736.92,23064760716651.37,75609633.25,70691316.25,630277292.0,336859.858346,18670606.25,160517766.38346806,13.69193638070339,11.825,87449647.25
194,59031.32,23137439666472.0,75736815.25,70788355.5,630582655.0,337043.892193,18671590.625,150672055.73110902,12.372214725144708,16.425,86574518.0
195,57076.49,23137439666472.0,75657010.5,70848407.25,630864591.0,337215.791774,18672358.333333332,167924581.1965032,14.850090970098401,9.791666666666666,80152585.125
196,58206.55,23137439666472.0,75491933.8,70908656.25,631110144.0,337415.783116,18673128.125,179426264.84009933,15.376533528394626,7.7333333333333325,82061476.375
197,59054.1,23137439666472.0,75634969.0,70978276.75,631399025.0,337635.553683,18674112.5,165624244.46778402,8.920574660132568,9.991666666666667,87960573.0
198,58020.46,23137439666472.0,75773283.0,71035457.25,631709087.0,337829.001614,18675096.875,180576433.2044589,9.78998199279975,10.183333333333334,86199219.875
199,55947.27,23137439666472.0,75845069.25,71083523.0,632029917.0,338033.739108,18675971.875,154122560.82418784,11.591028706967947,11.516666666666666,86770601.0
200,58048.59,23137439666472.0,76049139.75,71124484.5,632310428.0,338210.039529,18676846.875,174825591.38266087,12.129687685221683,11.158333333333333,82729938.125
201,58102.58,23137439666472.0,76106959.4,71174824.25,632633380.0,338411.736447,18677833.75,180576433.2044589,11.610183871605193,10.583333333333334,82657951.25
202,59774.0,23137439666472.0,75989199.0,71218483.5,632932905.0,338623.94498000003,18678821.875,166774412.8321436,13.137612970934834,9.916666666666666,82531606.875
203,59964.87,23137439666472.0,75912520.5,71261745.5,633185692.0,338823.530598,18679698.4375,165624244.46778402,12.77240761948809,8.575,82025126.7
204,59834.74,23137439666472.0,76044318.0,71311114.25,633477404.0,339017.377876,18680578.125,163323907.73906472,10.488397477814157,10.295833333333333,81068461.25
205,63554.44,23137439666472.0,76292857.25,71371539.25,633789073.0,339207.511127,18681453.125,155272729.18854752,9.99642357041517,10.9,81692754.5
206,62969.12,23217560568175.21,76478848.6,71437985.0,634085336.0,339381.391029,18682331.25,198514005.7096344,10.474111300070588,9.95,81409124.75
207,63252.63,23581981443664.0,76708923.0,71482633.75,634444578.0,339607.8903,18683326.25,120743465.56444241,9.753654436688677,10.933333333333335,82928169.5
208,61455.98,23581981443664.0,76920165.0,71544234.5,634665253.0,339744.025508,18684212.5,106676265.69285686,12.474628843837342,18.0,71748384.75
209,60087.09,23581981443664.0,77106444.25,71603785.75,634860392.0,339867.016443,18684868.75,145361065.33971703,12.88242949747467,14.808333333333335,70638737.8
210,56251.48,23581981443664.0,77399133.0,71652554.25,635135909.0,340027.63338400004,18685535.416666668,113709865.62864962,13.002129771816996,17.4,72896888.0
211,55703.14,23581981443664.0,77626078.0,71695843.25,635342343.0,340154.065016,18686200.0,150050131.96357888,13.172518240069541,12.466666666666667,72473333.75
212,56507.91,23581981443664.0,77879317.66666667,71740458.75,635622864.0,340324.333193,18686858.333333332,118398932.25251149,9.462382695883596,12.216666666666667,75166375.25
213,53808.8,23581981443664.0,78067533.0,71791254.0,635849023.0,340456.355086,18687518.75,167634131.80306083,8.966011007753949,10.666666666666666,76177416.75
214,51731.71,23581981443664.0,78148721.5,71838503.25,636123674.0,340638.819333,18688284.375,158255998.55533707,7.918672353016897,12.1,73714635.625
215,51153.13,23581981443664.0,78243585.25,71899672.0,636418250.0,340816.370766,18689159.375,169978665.11499172,10.279223243168275,13.2,73911342.0
216,50110.53,23581981443664.0,78058685.0,71945782.5,636708684.0,341008.684802,18690034.375,165289598.49112985,11.974385146227384,12.0,80013512.0
217,49075.58,23581981443664.0,77962261.33333333,71992640.0,636950101.0,341197.87945999997,18690909.375,133638398.78006244,9.948844099392357,13.1375,82302145.5
218,54056.64,23581981443664.0,78059930.5,72042714.0,637190939.0,341347.82588200003,18691785.9375,166461865.14709532,8.521225166200491,10.0625,85599151.5
219,55071.46,23581981443664.0,78065337.0,72090107.0,637489504.0,341534.906773,18692665.625,166461865.14709532,7.984175253096026,11.366666666666667,85470976.5
220,54884.1,23581981443664.0,78155106.75,72149286.75,637766074.0,341721.227976,18693540.625,143016532.02778608,10.205139217735763,11.575,86578119.1
221,53584.15,23581981443664.0,78173580.5,72186776.5,638025558.0,341887.630878,18694306.25,169978665.11499172,8.259650205133894,11.35,82378050.875
222,57796.62,23004465874892.84,78198410.75,72233289.5,638316363.0,342089.017911,18695081.25,158954589.9843886,9.540559520179919,10.45,88202423.0
223,57857.5,20608845737768.0,77866801.0,72275958.25,638578365.0,342275.90218800004,18695964.0625,189527186.50027972,12.06568311810097,5.9,81904058.5
224,56610.46,20608845737768.0,77366393.0,72332810.5,638812283.0,342536.559431,18697059.375,181331416.27324063,11.009373727551631,6.7,82654318.125
225,57213.33,20608845737768.0,77094019.4,72379792.25,639099421.0,342795.146937,18698262.5,185429301.38676018,7.931713481676591,7.15,65522832.375
226,53241.72,20608845737768.0,76925901.4,72421680.25,639401160.0,343037.180057,18699362.5,160841990.70564282,9.42761404124758,9.183333333333334,70863587.2
227,57473.23,20608845737768.0,76925941.0,72477970.25,639710395.0,343248.656962,18700348.4375,174160117.32458138,10.598784176534021,8.266666666666666,62923636.75
228,56428.16,20608845737768.0,76861432.2,72521165.5,640021479.0,343480.12942199997,18701337.5,176209059.88134116,9.809595290745262,8.545833333333334,51960096.375
229,57380.27,20608845737768.0,76737032.6,72575982.5,640329696.0,343703.135233,18702435.0,175184588.60296133,11.470721915548049,7.15,72554233.625
230,58928.81,20608845737768.0,76455865.0,72615295.25,640605777.0,343927.508323,18703543.75,190551657.77865964,15.076904193145964,6.133333333333334,53167769.0
231,58280.73,20608845737768.0,76118064.8,72654372.0,640852263.0,344180.666334,18704637.5,184404830.10838032,15.35939863349362,7.066666666666666,40071400.25
232,55883.5,20608845737768.0,76094693.4,72699450.25,641155987.0,344427.945246,18705731.25,176209059.88134116,13.66745876869786,7.4833333333333325,32746657.3
233,56750.0,20608845737768.0,76107598.6,72748095.5,641468246.0,344660.020821,18706825.0,176209059.88134116,13.44279265764828,6.691666666666666,26758691.625
234,49007.09,23227330060562.57,76012312.25,72786208.25,641770051.0,344896.11215500004,18707918.75,185896531.25400168,8.524548242595461,7.216666666666668,33486945.875
235,49702.27,25046487590083.0,76080408.5,72827115.25,642045750.0,345107.41751999996,18709012.5,166839065.28467855,7.800805377117878,12.225,44181070.125
236,49922.52,25046487590083.0,76155697.75,72867902.5,642312383.0,345283.587084,18709996.875,153143321.1195184,8.775339183132383,13.675,44354865.5
237,46736.58,25046487590083.0,76077097.33333333,72903456.75,642542665.0,345449.02353899996,18710766.666666668,164348929.98192218,10.521458077999377,10.208333333333332,32545754.25
238,46441.64,25046487590083.0,76079818.5,72938999.25,642762772.0,345630.188158,18711534.375,150653185.81676203,7.140405611777744,11.0,44965221.5
239,43596.24,25046487590083.0,76217929.66666667,72978081.5,643014160.0,345792.05596599996,18712300.0,124506765.13781984,9.108251031750347,14.975,59620229.375
240,42912.19,25046487590083.0,76345443.0,73012403.75,643235634.0,345925.142902,18712956.25,155633456.42227483,7.879373796149622,14.033333333333333,75260976.5
241,36964.27,25046487590083.0,76532879.25,73058169.75,643498821.0,346090.308707,18713728.125,139447576.95435822,6.482091406320299,11.45,80467293.75
242,40784.32,25046487590083.0,76767068.66666667,73098304.5,643726741.0,346236.224679,18714500.0,136957441.65160182,7.01793166385839,13.904166666666667,80683384.625
243,37280.35,25046487590083.0,76878039.33333333,73134248.25,643953439.0,346378.108377,18715156.25,144427847.55987102,7.939366941078148,16.916666666666668,77373599.4
244,37528.3,25046487590083.0,76755049.33333333,73164242.0,644175796.0,346527.706387,18715812.5,148163050.51400563,8.097475260350587,10.233333333333333,69960502.125
245,34754.54,25046487590083.0,76698542.75,73209843.5,644370643.0,346691.878524,18716578.125,156878524.07365298,8.129945227113424,10.725,68251580.625
246,38728.59,25046487590083.0,76669906.66666667,73251018.5,644605027.0,346861.35321599996,18717343.75,153143321.1195184,7.645449255887237,12.575,64559737.0
247,38410.5,25046487590083.0,76715845.0,73305351.0,644838441.0,347028.674681,18718109.375,151898253.46814018,8.407645915584027,9.441666666666666,82842516.125
248,39266.04,25046487590083.0,76728787.33333333,73348637.75,645069798.0,347187.215018,18718875.0,145672915.21124923,8.041385474516117,11.983333333333333,73620357.75
249,38445.29,25046487590083.0,76773266.25,73388726.5,645284958.0,347335.098219,18719640.625,148163050.51400563,8.012955225057471,11.45,70266691.9
250,35689.62,25046487590083.0,76767070.0,73420444.75,645503002.0,347495.059559,18720406.25,144427847.55987102,7.661064979640077,13.470833333333333,58373880.25
251,34647.67,21214345448186.625,76480608.75,73453297.75,645699597.0,347648.846394,18721062.5,151858199.84334671,11.327038897636127,7.254166666666666,25249191.125
252,35684.59,21047730572452.0,76181697.25,73481294.75,645880503.0,347864.261836,18721828.125,147526659.02062267,17.174123347578742,7.3,21786040.75
253,37310.54,21047730572452.0,76048807.0,73507586.5,646108031.0,348067.570582,18722707.8125,148572947.38247102,15.772501890743307,9.129166666666666,26829644.875
254,36662.64,21047730572452.0,75896965.4,73510158.0,646341383.0,348261.40603899996,18723693.75,173683868.0668324,13.366366313292895,6.0458333333333325,10046119.0
255,37585.24,21047730572452.0,75822653.0,73510158.0,646592644.0,348475.947099,18724681.25,153804389.19171298,16.528222759901553,7.883333333333334,6317413.9
256,39188.59,21047730572452.0,75781197.5,73595689.5,646848409.0,348665.924765,18725559.375,137063775.4021388,16.341612088271994,9.7,3777405.25
257,36885.51,21047730572452.0,75812836.5,73660103.5,647083101.0,348833.967405,18726434.375,137063775.4021388,21.594028675683532,8.916666666666666,1756941.875
258,35530.38,21047730572452.0,75786942.75,73711533.0,647278422.0,348976.235834,18727315.625,156943254.27725816,14.583328694080238,4.979166666666666,2759132.875
259,35816.17,21047730572452.0,75707925.5,73745707.5,647463939.0,349119.450745,18728190.625,139156352.12583557,9.392005844706757,10.591666666666667,5702133.25
260,33514.87,21047730572452.0,75671750.75,73777767.5,647700446.0,349285.581629,18729071.875,155896965.91540977,7.28376486977562,7.633333333333334,8611967.0
261,33450.19,21047730572452.0,75686311.66666667,73830706.5,647947463.0,349477.10319,18729953.125,131832333.59289683,9.860428596929038,8.179166666666667,10636429.9
262,37338.36,21047730572452.0,75816906.5,73868746.25,648157218.0,349611.985192,18730835.9375,123462026.69810976,13.272467817816306,11.4375,20747997.0
263,36704.57,21047730572452.0,75955109.66666667,73911176.75,648410825.0,349766.42046,18731606.25,109860277.9940807,14.14738290946192,12.633333333333333,28358045.75
264,37313.18,21047730572452.0,75895986.0,73940338.5,648626928.0,349913.53015999997,18732262.5,138110063.76398718,13.024950993734473,10.433333333333334,23322506.25
265,35494.9,20836567779802.566,75785153.66666667,73970742.5,648849545.0,350110.221082,18733032.8125,136724465.12868512,17.58652660000194,8.145833333333332,1375411.75
266,39066.82,19932791027263.0,75691675.75,74006351.75,649035665.0,350265.701345,18733915.625,133766696.21890129,15.098732784764792,9.275,8267225.5
267,40525.8,19932791027263.0,75703679.0,74037816.25,649279717.0,350436.01929,18734693.75,129803238.55315611,12.749200116475643,10.216666666666667,4356337.75
268,40188.56,19932791027263.0,75762696.0,74242030.75,649521585.0,350605.451298,18735459.375,121876323.22166562,12.810754151257981,14.058333333333335,3989224.5
269,38324.87,19932791027263.0,75800640.75,74424320.0,649773823.0,350771.893461,18736334.375,128812374.13671976,11.156496235446145,9.65,1758424.875
270,38068.04,19932791027263.0,75832209.75,74424320.0,650012711.0,350924.115207,18737100.0,122867187.63810194,12.062150400729097,10.391666666666666,1154052.0
271,35729.82,19932791027263.0,75873186.66666667,74424320.0,650235583.0,351068.568268,18737865.625,102059034.89293952,13.724621710706975,13.125,2845321.5
272,35524.17,19932791027263.0,75760199.33333333,74424320.0,650422399.0,351190.75053099997,18738631.25,104040763.72581212,16.10561806030157,11.533333333333333,24505658.9
273,35592.35,19932791027263.0,75702796.33333333,74424320.0,650588114.0,351323.082765,18739287.5,104040763.72581212,13.057285445061268,13.7,19282536.75
274,31686.55,19932791027263.0,75729383.0,74424320.0,650795691.0,351465.383959,18739943.75,90168661.89570382,9.593809204457864,15.35,24182768.25
275,32447.59,19932791027263.0,75836023.0,74424320.0,650991516.0,351592.244839,18740490.625,100077306.06006691,10.240216895352392,15.85,27407312.75
276,33674.66,19932791027263.0,75916030.0,74424320.0,651223014.0,351732.681689,18741041.666666668,104040763.72581212,10.06578149192675,16.7,24617676.375
277,34639.38,19932791027263.0,75934906.33333333,74424320.0,651455712.0,351877.557992,18741700.0,108995085.80799364,8.557043557022714,12.445833333333333,20032542.125
278,31640.58,19932791027263.0,75903820.66666667,74424320.0,651675788.0,352031.4385,18742356.25,88186933.06283121,8.28471707058482,16.858333333333334,10514955.2
279,32160.91,19932791027263.0,75937354.0,74424320.0,651856510.0,352157.645266,18743012.5,58461000.56974205,11.773221566703066,17.833333333333332,15025577.625
280,34644.45,19932791027263.0,76094958.66666667,74424320.0,651981788.0,352241.72564899997,18743559.375,86205204.22995861,13.019147544332887,26.05,34306665.625
281,34456.67,19932791027263.0,76205313.5,74434120.5,652197629.0,352360.82224099996,18743996.875,89177797.47926754,12.488213653246092,19.65,34875734.75
282,35847.7,19932791027263.0,76364978.0,74469252.75,652404292.0,352487.06531599996,18744543.75,88186933.06283121,14.081018438660587,15.1,42291373.0
283,35047.36,19932791027263.0,76536698.0,74511852.75,652624360.0,352608.287244,18745090.625,94132119.56144908,13.67084491067124,20.3,60430928.5
284,33536.88,19932791027263.0,76570272.5,74540470.5,652854116.0,352740.54519000003,18745637.5,89177797.47926754,10.296603750946167,15.75,54782687.8
285,33856.86,15634861856766.195,76635276.5,74567782.25,653042218.0,352866.771075,18746293.75,98706076.21227616,12.680758350255406,14.008333333333333,42484699.25
286,34688.98,14363025673660.0,76341298.0,74583455.5,653279360.0,353047.340478,18746950.0,82108836.07751709,13.461361393035943,12.475,17206584.5
287,35309.3,14363025673660.0,76130896.75,74599123.5,653451532.0,353212.92652399995,18747606.25,94246664.01941094,11.928010971809279,9.025,3708540.75
288,33747.97,14363025673660.0,76032353.0,74618825.5,653673733.0,353386.979826,18748371.875,101386562.80876024,14.243071260277205,7.779166666666668,2296012.125
289,34211.01,14363025673660.0,76030151.33333333,74633350.75,653903642.0,353543.96741700004,18749246.875,87820755.10899657,14.067974806049085,10.183333333333334,2061477.7
290,33839.04,14363025673660.0,76076968.5,74652677.0,654124289.0,353688.227068,18750121.875,99244593.17195548,10.776658276642728,8.266666666666667,1187652.625
291,32877.41,14363025673660.0,76127931.5,74668080.0,654355373.0,353831.436646,18751003.125,93532674.14047602,5.132050198959744,8.333333333333334,3267014.25
292,33818.52,14363025673660.0,76108664.6,74687205.75,654582886.0,353996.544695,18751768.75,114952370.50852396,7.696819691378569,5.283333333333333,1215475.75
293,33515.57,14363025673660.0,76064866.66666667,74712293.25,654771435.0,354131.879334,18752643.75,89248734.86686642,9.60571121451588,6.6,2524320.0
294,34227.64,14363025673660.0,75959210.5,74727663.0,654935868.0,354270.595707,18753629.6875,89962724.74580133,10.585911158435986,9.5,2583172.5
295,33158.25,14363025673660.0,75939463.5,74743232.0,655156548.0,354418.993998,18754400.0,97102623.53515066,11.274696739378118,9.291666666666668,2236406.1
296,32686.56,14363025673660.0,75902694.2,74758050.25,655386017.0,354576.61998,18755171.875,121378279.41893832,12.163799552705004,5.3583333333333325,1253462.0
297,32814.61,14363025673660.0,75926370.0,74778090.0,655622671.0,354731.335208,18756157.5,91390704.5036712,12.057753184076601,9.558333333333334,5829781.0
298,31738.59,14363025673660.0,75925453.0,74794179.0,655849251.0,354886.561004,18757146.875,107098481.84023967,9.2040840565972,6.166666666666668,699613.125
299,31421.25,14348541098817.074,75985509.25,74812326.75,656072799.0,355026.210712,18758021.875,101997588.09440474,10.02575158249206,5.7333333333333325,698331.75
300,31520.66,13672594272814.0,76026201.0,74827473.25,656254434.0,355138.09721599997,18758896.875,97872242.0886884,12.080204277369146,5.05,262274.875
301,31783.49,13672594272814.0,75924078.6,74842779.25,656415864.0,355254.012199,18759771.875,115543619.13247934,13.890016891675277,5.775,1698857.4
302,30815.94,13672594272814.0,75892402.33333333,74858899.25,656643325.0,355409.394437,18760756.25,82919538.43624988,9.436334446065203,9.258333333333333,9874000.625
303,29790.24,13672594272814.0,75864924.5,74876175.75,656874059.0,355566.233502,18761633.333333332,98551910.4365265,11.26708097593911,6.775,3080552.0
304,32118.06,13672594272814.0,75899421.0,74900457.5,657109150.0,355724.623146,18762512.5,103989257.21923141,10.44618459095511,6.741666666666666,1037352.125
305,32297.89,13672594272814.0,75949590.66666667,74916376.75,657337950.0,355868.743969,18763496.875,91755226.95814537,10.086692904650882,7.35,708925.625
306,33581.63,13672594272814.0,75990390.6,74934957.25,657569543.0,356011.421599,18764384.375,104668925.56706952,11.931343751228725,5.183333333333334,746193.75
307,34279.34,13672594272814.0,76002523.75,74952718.5,657766748.0,356140.836367,18765259.375,103989257.21923141,13.083808726425207,4.591666666666667,506844.8
308,35365.2,13672594272814.0,75927683.25,74971992.5,657942003.0,356262.687821,18766134.375,101950252.17571706,11.05636357274299,7.35,3300579.0
309,37318.14,13672594272814.0,75902281.6,74990685.0,658205231.0,356435.350901,18767118.75,115543619.13247934,3.405598167914559,6.166666666666666,590611.5
310,39405.95,13672594272814.0,75851101.0,75010596.25,658459857.0,356620.439862,18768212.5,106707930.61058386,3.981917127953925,6.166666666666668,803278.25
311,40002.53,13672594272814.0,75921373.0,75034871.5,658711559.0,356779.797033,18769196.875,108746935.6540982,6.496567810438246,6.8375,274125.125
312,40005.93,13672594272814.0,75979060.6,75053596.5,658974861.0,356943.39510900003,18770183.75,112824945.74112691,8.16072676545895,6.3,1305380.1
313,42214.15,14319158983942.734,76063425.4,75076974.75,659229273.0,357097.583445,18771176.5625,112465862.1258896,11.157496529875452,5.075,437481.625
314,41659.06,14496442856349.0,76116071.5,75094527.0,659435583.0,357225.495805,18772162.5,110975800.79118258,7.093261369105488,4.833333333333334,1595194.625
315,40000.46,14496442856349.0,76043060.0,75111779.5,659622688.0,357345.534188,18773148.4375,103048957.87752669,5.736245777885896,7.508333333333334,4104869.25
316,39193.94,14496442856349.0,76008784.4,75130046.75,659860461.0,357527.27294,18774028.125,121785132.03707698,7.956614721967421,5.433333333333334,1511952.125
317,38138.0,14496442856349.0,76041551.5,75146905.25,660107555.0,357687.06727600005,18775017.5,98004603.29610927,7.854796531410257,8.633333333333333,4170103.125
318,39750.14,14496442856349.0,76041092.5,75170022.0,660346520.0,357847.449786,18776003.125,115299533.28954034,8.366426730256919,6.75,1308757.9
319,40882.0,14496442856349.0,76098302.6,75187603.25,660593281.0,358001.545754,18776987.5,114578911.20648073,10.272178244725406,7.533333333333332,2012223.75
320,42825.95,14496442856349.0,76130437.8,75209874.25,660852954.0,358166.41686399997,18777971.875,120343887.87095772,9.321556522571791,5.475,548978.625
321,44634.13,14496442856349.0,76137742.25,75228925.25,661064716.0,358297.66694,18778956.25,113858289.12342106,10.580747543467591,5.120833333333334,1066012.0
322,43816.14,14496442856349.0,76112725.75,75252905.25,661257949.0,358425.878441,18779940.625,109534556.62506332,10.099477678136365,7.074999999999998,2050916.375
323,46333.46,14496442856349.0,76092149.8,75274989.5,661511165.0,358597.178472,18780925.0,118902643.70483848,9.969290630247707,6.366666666666666,251532.5
324,45608.37,14496442856349.0,76148351.0,75294493.75,661772097.0,358760.575738,18781909.375,105931446.20976518,9.188255931431511,7.083333333333332,1927415.4
325,45611.46,14496442856349.0,76190909.2,75322941.25,662033750.0,358923.618005,18782900.0,108813934.5420037,8.976685181234629,8.033333333333333,1641087.0
326,44417.78,15324761487407.408,76144106.0,75351907.0,662284957.0,359078.930183,18783884.375,108175319.62792765,10.80127578923555,9.516666666666666,4562037.5
327,47833.98,15556093717703.0,76220204.0,75406841.75,662545400.0,359255.550962,18784759.375,126820808.5468918,10.469304462238043,5.816666666666666,813656.375
328,47112.19,15556093717703.0,76236268.66666667,75555885.75,662755371.0,359380.992479,18785743.75,140740165.58252627,10.358341200236634,5.525,1636987.375
329,47056.41,15556093717703.0,76074810.75,75582565.5,662939313.0,359529.874091,18786837.5,124500915.7076194,10.349515537654602,6.875,1556082.0
330,45982.55,15556093717703.0,75957969.4,75606771.75,663203487.0,359708.715967,18787821.875,133007189.45161822,7.399535303543663,6.4,4693771.1
331,44648.57,15556093717703.0,75909426.75,75634298.5,663462188.0,359904.97919,18788811.25,104395177.76725852,7.0966393405280135,7.833333333333332,7609889.875
332,44777.86,15556093717703.0,75866871.75,75697281.5,663709392.0,360073.64321999997,18789803.125,119087832.41598378,7.229303897174866,6.2125,2916492.0
333,46734.65,15556093717703.0,75854971.8,75753513.25,663963239.0,360245.297393,18790787.5,123727618.09452859,7.722595549248112,5.866666666666666,3661677.375
334,49327.75,15556093717703.0,75843948.8,75826804.75,664234090.0,360429.61884099996,18791771.875,131460594.22543664,8.179674715032755,5.5166666666666675,473569.875
335,48932.02,15556093717703.0,75840423.25,75879131.5,664453353.0,360572.254197,18792756.25,126820808.5468918,8.368243275584854,4.291666666666666,922363.0
336,49335.68,15556093717703.0,75761004.83333333,75930755.5,664644720.0,360710.403065,18793850.0,152339629.77888831,8.514446223697218,4.133333333333334,353600.625
337,49523.5,15556093717703.0,75720050.5,75994176.25,664916119.0,360893.54057199997,18794947.5,119087832.41598378,2.6250271179215,7.7333333333333325,2531799.25
338,47744.58,16431142929372.8,75750925.6,76041024.75,665178657.0,361068.087163,18796046.25,130687447.25473669,3.8663615064796617,5.491666666666667,541541.875
339,48972.09,17615033039279.0,75857930.25,76132875.5,665441225.0,361221.67933,18797034.375,127844614.11993945,4.114827312547688,6.3291666666666675,1523422.875
340,46962.8,17615033039279.0,75954817.75,76186239.25,665701204.0,361370.5155,18797912.5,127844614.11993945,4.280294233027625,5.7666666666666675,2069496.875
341,49056.86,17615033039279.0,76034757.5,76215682.5,665956851.0,361519.99760999996,18798900.0,123466373.91035248,5.177486863180662,6.116666666666666,1134981.9
342,48897.65,17615033039279.0,76021375.8,76235656.25,666176305.0,361651.72289699997,18799884.375,136601094.53911337,5.105000842823995,4.008333333333333,1794788.625
343,48806.78,17615033039279.0,76014955.0,76254607.75,666367389.0,361784.353263,18800760.9375,118212485.65884812,5.098334036130216,7.466666666666668,2949736.25
344,47074.77,17615033039279.0,76042100.0,76282387.0,666619469.0,361943.600179,18801640.625,126093318.03610466,4.503814349227621,7.675,4710147.75
345,47155.87,17615033039279.0,76123030.25,76303789.5,666890642.0,362107.93669899995,18802515.625,119963781.7426829,4.82783533765781,11.608333333333333,7600452.875
346,48862.76,17615033039279.0,76111751.25,76327887.5,667169954.0,362279.98231399996,18803390.625,130471558.2456916,4.490684961221282,8.708333333333334,3566198.375
347,49329.01,17615033039279.0,76092975.25,76349619.5,667459991.0,362467.41648,18804265.625,129595910.20377424,5.292821037959612,8.033333333333333,3002916.8
348,50035.33,17615033039279.0,76146331.8,76369549.25,667743869.0,362655.26885,18805140.625,135725446.49719596,6.270717603110885,4.916666666666667,1034814.5
349,49947.38,17615033039279.0,76182336.25,76395570.25,667972672.0,362792.59085599997,18806125.0,143606278.8744525,8.106038756232698,4.908333333333333,1738612.625
350,51769.06,17615033039279.0,76107062.8,76417701.0,668178140.0,362925.93515900004,18807218.75,150611463.20979166,6.3858530421088435,4.658333333333333,3926509.875
351,52677.4,17615033039279.0,76080672.5,76446216.75,668445953.0,363112.96548400004,18808209.375,133974150.4133612,5.369722630569259,7.85,2846810.25
352,46809.17,18403887482923.086,76115851.0,76469514.5,668723257.0,363287.712841,18809198.75,129910433.67934506,5.303548301453878,7.6708333333333325,3283597.625
353,46078.38,18415156832118.0,76217582.5,76495028.25,668994033.0,363447.40401,18810190.625,125412870.36132078,5.223735922597982,8.6,2438788.6
354,46368.69,18415156832118.0,76318572.75,76520625.75,669268179.0,363610.935244,18811065.625,124497447.94992428,3.6838403117295666,7.5125,5464980.5
355,44847.48,18415156832118.0,76293807.75,76543525.75,669529572.0,363773.308701,18811940.625,135482516.8866823,2.153467262287096,5.833333333333332,1498494.0
356,45144.79,18415156832118.0,76284611.6,76567724.0,669747193.0,363933.368107,18812815.625,134567094.4752858,3.9865504059850903,4.583333333333333,859903.75
357,46059.12,18415156832118.0,76273779.0,76585557.25,669940561.0,364056.395452,18813692.1875,145552163.4120438,2.97240525235119,6.366666666666666,3192281.625
358,44968.76,18415156832118.0,76269801.2,76608516.75,670195353.0,364222.773818,18814681.25,153790965.11461234,1.689336798518497,6.291666666666666,1391796.7
359,47072.12,18415156832118.0,76272598.75,76633458.25,670463218.0,364397.236763,18815667.1875,129989982.41830328,3.196858787967399,9.75,7236591.75
360,48167.85,18415156832118.0,76160607.25,76655747.25,670732475.0,364586.570723,18816546.875,124497447.94992428,4.204645561544183,10.1375,10850814.375
361,47785.26,18415156832118.0,76103977.0,76676408.0,671003106.0,364791.75845900003,18817421.875,134567094.4752858,4.826447566647765,7.066666666666666,2518311.625
362,47263.6,18415156832118.0,76164070.5,76695041.0,671275196.0,364971.38321,18818301.5625,141890473.76645783,5.738374061812046,6.425,1623089.25
363,48259.45,18415156832118.0,76168117.6,76716571.25,671504021.0,365119.504514,18819292.5,146467585.8234403,6.37819008363279,4.370833333333334,344571.125
364,47249.38,,76115719.4,76733459.0,,,18820278.125,,5.7795684939389265,,4832739.0
